url	title	status	final_url
http://mp.weixin.qq.com/s?__biz=MzUzODM0MDI0MQ==&mid=2247496276&idx=1&sn=0d084036c6af6bcf76827038df0ba7c7		NO_TITLE	https://mp.weixin.qq.com/mp/wappoc_appmsgcaptcha?poc_token=HPaJpWmjs5qis21CqvDWIfZGIFbNLEy9e_Awm6-O&target_url=https%3A%2F%2Fmp.weixin.qq.com%2Fs%3F__biz%3DMzUzODM0MDI0MQ%3D%3D%26mid%3D2247496276%26idx%3D1%26sn%3D0d084036c6af6bcf76827038df0ba7c7
http://mp.weixin.qq.com/s?__biz=MzI3MDQzOTUzMw==&mid=2247502551&idx=1&sn=9328014d8bf32959389ea1dd8c9ce5c2		NO_TITLE	https://mp.weixin.qq.com/mp/wappoc_appmsgcaptcha?poc_token=HPiJpWmjaKDx8BKj_VWzSadne_nZi6MaLfX3ngfn&target_url=https%3A%2F%2Fmp.weixin.qq.com%2Fs%3F__biz%3DMzI3MDQzOTUzMw%3D%3D%26mid%3D2247502551%26idx%3D1%26sn%3D9328014d8bf32959389ea1dd8c9ce5c2
http://mp.weixin.qq.com/s?__biz=MzkyODM5NjQ1NQ==&mid=2247484788&idx=2&sn=a84a3c542397e3bdf5d30123e8188b36		NO_TITLE	https://mp.weixin.qq.com/mp/wappoc_appmsgcaptcha?poc_token=HPqJpWmjGAYbaQIvI7Y7Lp0M71QsFDNsyMFytr33&target_url=https%3A%2F%2Fmp.weixin.qq.com%2Fs%3F__biz%3DMzkyODM5NjQ1NQ%3D%3D%26mid%3D2247484788%26idx%3D2%26sn%3Da84a3c542397e3bdf5d30123e8188b36
http://mp.weixin.qq.com/s?__biz=Mzk0NjI3NzMwOQ==&mid=2247554984&idx=1&sn=2f9730df5b9a8d05c1b993215d10bd2a		NO_TITLE	https://mp.weixin.qq.com/mp/wappoc_appmsgcaptcha?poc_token=HPyJpWmjwx8b4DRePt6fe-YL7aDaf8K5sbyF4fFx&target_url=https%3A%2F%2Fmp.weixin.qq.com%2Fs%3F__biz%3DMzk0NjI3NzMwOQ%3D%3D%26mid%3D2247554984%26idx%3D1%26sn%3D2f9730df5b9a8d05c1b993215d10bd2a
http://mp.weixin.qq.com/s?__biz=MzAwODA3MTI0Nw==&mid=2652047924&idx=1&sn=9938b32b04740404df4c54bb9d6719cd		NO_TITLE	https://mp.weixin.qq.com/mp/wappoc_appmsgcaptcha?poc_token=HP6JpWmjsRWC7lDdYlV5kuoFm6lXcIJsa1p82Jya&target_url=https%3A%2F%2Fmp.weixin.qq.com%2Fs%3F__biz%3DMzAwODA3MTI0Nw%3D%3D%26mid%3D2652047924%26idx%3D1%26sn%3D9938b32b04740404df4c54bb9d6719cd
http://mp.weixin.qq.com/s?__biz=MzA3Mzk5MDU2NQ==&mid=2455833708&idx=1&sn=677d43c193be9341deb79398352fe518		NO_TITLE	https://mp.weixin.qq.com/mp/wappoc_appmsgcaptcha?poc_token=HACKpWmjnOryrnmJVLyl-KJpUSxCvznRYJS4Pg0j&target_url=https%3A%2F%2Fmp.weixin.qq.com%2Fs%3F__biz%3DMzA3Mzk5MDU2NQ%3D%3D%26mid%3D2455833708%26idx%3D1%26sn%3D677d43c193be9341deb79398352fe518
http://mp.weixin.qq.com/s?__biz=MzI5MjQ0MDg0NQ==&mid=2247534228&idx=1&sn=8b4dcb55d7434f8104ce313e1a73aba6		NO_TITLE	https://mp.weixin.qq.com/mp/wappoc_appmsgcaptcha?poc_token=HAKKpWmjS56hJsHIffmrexxJbyI4EoJ1bWPCC29y&target_url=https%3A%2F%2Fmp.weixin.qq.com%2Fs%3F__biz%3DMzI5MjQ0MDg0NQ%3D%3D%26mid%3D2247534228%26idx%3D1%26sn%3D8b4dcb55d7434f8104ce313e1a73aba6
http://mp.weixin.qq.com/s?__biz=MzAxNDAyMzc0Mg==&mid=2683514621&idx=1&sn=0d57c5946f40878b9974c75db2ad18b9		NO_TITLE	https://mp.weixin.qq.com/mp/wappoc_appmsgcaptcha?poc_token=HASKpWmjcOzWSmnLiMG-2b6aPt_pEae-FYp8NuG_&target_url=https%3A%2F%2Fmp.weixin.qq.com%2Fs%3F__biz%3DMzAxNDAyMzc0Mg%3D%3D%26mid%3D2683514621%26idx%3D1%26sn%3D0d57c5946f40878b9974c75db2ad18b9
http://mp.weixin.qq.com/s?__biz=MzU5NTcyMTQ5NA==&mid=2247503870&idx=1&sn=321726290fba9620082c5fb4e3e31275		NO_TITLE	https://mp.weixin.qq.com/mp/wappoc_appmsgcaptcha?poc_token=HAaKpWmjtw7hMaIQVCdqc8V6SU6BW1HgtgAIE4u4&target_url=https%3A%2F%2Fmp.weixin.qq.com%2Fs%3F__biz%3DMzU5NTcyMTQ5NA%3D%3D%26mid%3D2247503870%26idx%3D1%26sn%3D321726290fba9620082c5fb4e3e31275
http://mp.weixin.qq.com/s?__biz=MzI5MjQ0MDg0NQ==&mid=2247534240&idx=1&sn=9570ac3b3ee04679c3badee4e0399d5b		NO_TITLE	https://mp.weixin.qq.com/mp/wappoc_appmsgcaptcha?poc_token=HAmKpWmjs3V3uHBwMUOUbWckyHqIYRpomEZGsQ4G&target_url=https%3A%2F%2Fmp.weixin.qq.com%2Fs%3F__biz%3DMzI5MjQ0MDg0NQ%3D%3D%26mid%3D2247534240%26idx%3D1%26sn%3D9570ac3b3ee04679c3badee4e0399d5b
http://mp.weixin.qq.com/s?__biz=Mzg3NzY1NzU4Mg==&mid=2247484243&idx=1&sn=32e93d9500ee1fcabe1aa0ff8ace1c4a		NO_TITLE	https://mp.weixin.qq.com/mp/wappoc_appmsgcaptcha?poc_token=HAuKpWmjcLt7oIY_YdcRJP0OsCzPka_QRZ5E8kVV&target_url=https%3A%2F%2Fmp.weixin.qq.com%2Fs%3F__biz%3DMzg3NzY1NzU4Mg%3D%3D%26mid%3D2247484243%26idx%3D1%26sn%3D32e93d9500ee1fcabe1aa0ff8ace1c4a
http://mp.weixin.qq.com/s?__biz=MzU5NTcyMTQ5NA==&mid=2247503951&idx=1&sn=1c36bba98975eea3bda9a3e659c81bd9		NO_TITLE	https://mp.weixin.qq.com/mp/wappoc_appmsgcaptcha?poc_token=HA2KpWmjfefstRPGANfxU_3Qn1tGZxjlzHTYA529&target_url=https%3A%2F%2Fmp.weixin.qq.com%2Fs%3F__biz%3DMzU5NTcyMTQ5NA%3D%3D%26mid%3D2247503951%26idx%3D1%26sn%3D1c36bba98975eea3bda9a3e659c81bd9
http://mp.weixin.qq.com/s?__biz=MzIyNTU2MTI2NA==&mid=2247485433&idx=1&sn=6cc1bc9b45dd1ecd64effa70b185f4a7		NO_TITLE	https://mp.weixin.qq.com/mp/wappoc_appmsgcaptcha?poc_token=HA-KpWmjKF5w9lKLgrDmBj6whUV7c5WlIvxLGhBw&target_url=https%3A%2F%2Fmp.weixin.qq.com%2Fs%3F__biz%3DMzIyNTU2MTI2NA%3D%3D%26mid%3D2247485433%26idx%3D1%26sn%3D6cc1bc9b45dd1ecd64effa70b185f4a7
https://mp.weixin.qq.com/s?t=pages/image_detail&scene=1&__biz=Mzg2NTE4ODM3Nw==&mid=2247488949&idx=1&sn=376219b9311758ce12ebdfe42e7d8fbe		NO_TITLE	https://mp.weixin.qq.com/mp/wappoc_appmsgcaptcha?poc_token=HBKKpWmjydJJm_EGN_BE2u_R-U8WcLwo_H1m9B7c&target_url=https%3A%2F%2Fmp.weixin.qq.com%2Fs%3Ft%3Dpages%2Fimage_detail%26scene%3D1%26__biz%3DMzg2NTE4ODM3Nw%3D%3D%26mid%3D2247488949%26idx%3D1%26sn%3D376219b9311758ce12ebdfe42e7d8fbe
http://mp.weixin.qq.com/s?__biz=MzI3MDQzOTUzMw==&mid=2247530532&idx=1&sn=80a57a5f0def799a030d828e557094bd		NO_TITLE	https://mp.weixin.qq.com/mp/wappoc_appmsgcaptcha?poc_token=HBSKpWmjRae2-jnrkKGRudy0vlWc5_dbI6GqZ_6k&target_url=https%3A%2F%2Fmp.weixin.qq.com%2Fs%3F__biz%3DMzI3MDQzOTUzMw%3D%3D%26mid%3D2247530532%26idx%3D1%26sn%3D80a57a5f0def799a030d828e557094bd
http://mp.weixin.qq.com/s?__biz=MzAxNDAyMzc0Mg==&mid=2683515078&idx=1&sn=e77d951c894f58417dd45bf6009872c6		NO_TITLE	https://mp.weixin.qq.com/mp/wappoc_appmsgcaptcha?poc_token=HBeKpWmj-I0RzXNS1X08TIov-jfVICCNvxcSyIC7&target_url=https%3A%2F%2Fmp.weixin.qq.com%2Fs%3F__biz%3DMzAxNDAyMzc0Mg%3D%3D%26mid%3D2683515078%26idx%3D1%26sn%3De77d951c894f58417dd45bf6009872c6
http://mp.weixin.qq.com/s?__biz=MzkyODM5NjQ1NQ==&mid=2247484796&idx=1&sn=d78e6f9da3747a982c0e0b27ba97067c		NO_TITLE	https://mp.weixin.qq.com/mp/wappoc_appmsgcaptcha?poc_token=HBmKpWmj7FXngeoVF16hmL-Fnv8JfBkWaseGA0Xr&target_url=https%3A%2F%2Fmp.weixin.qq.com%2Fs%3F__biz%3DMzkyODM5NjQ1NQ%3D%3D%26mid%3D2247484796%26idx%3D1%26sn%3Dd78e6f9da3747a982c0e0b27ba97067c
http://mp.weixin.qq.com/s?__biz=MzkwNjY0ODIzMQ==&mid=2247492034&idx=3&sn=1b93ea2f5e5b066bc6022df87d7ec14a		NO_TITLE	https://mp.weixin.qq.com/mp/wappoc_appmsgcaptcha?poc_token=HBuKpWmj5NeZgEcYkv8LxvTxkZCtk8pC0D8qqpLJ&target_url=https%3A%2F%2Fmp.weixin.qq.com%2Fs%3F__biz%3DMzkwNjY0ODIzMQ%3D%3D%26mid%3D2247492034%26idx%3D3%26sn%3D1b93ea2f5e5b066bc6022df87d7ec14a
https://mp.weixin.qq.com/s?t=pages/image_detail&scene=1&__biz=MzkwODY1Mzk5Nw==&mid=2247488286&idx=1&sn=d96af8a82a77bd2888e9223138296bf9		NO_TITLE	https://mp.weixin.qq.com/mp/wappoc_appmsgcaptcha?poc_token=HByKpWmj_8_GzAfPDc6kthklaVVdcfH9cSx2GVZu&target_url=https%3A%2F%2Fmp.weixin.qq.com%2Fs%3Ft%3Dpages%2Fimage_detail%26scene%3D1%26__biz%3DMzkwODY1Mzk5Nw%3D%3D%26mid%3D2247488286%26idx%3D1%26sn%3Dd96af8a82a77bd2888e9223138296bf9
http://mp.weixin.qq.com/s?__biz=MzkwNTg1NzYxMA==&mid=2247483734&idx=1&sn=142a1914242da06982993dbe53816033		NO_TITLE	https://mp.weixin.qq.com/mp/wappoc_appmsgcaptcha?poc_token=HB6KpWmjmhAU1Cmgj08poVsLv1dBJQlnIusuhlUW&target_url=https%3A%2F%2Fmp.weixin.qq.com%2Fs%3F__biz%3DMzkwNTg1NzYxMA%3D%3D%26mid%3D2247483734%26idx%3D1%26sn%3D142a1914242da06982993dbe53816033
http://mp.weixin.qq.com/s?__biz=Mzg5MTExMDU4OA==&mid=2247486476&idx=1&sn=ee2a9d88d41d7815b4d993bfeb35969e		NO_TITLE	https://mp.weixin.qq.com/mp/wappoc_appmsgcaptcha?poc_token=HCCKpWmjlFzobTjWQ7krur7g03iVLuly6BltHwDQ&target_url=https%3A%2F%2Fmp.weixin.qq.com%2Fs%3F__biz%3DMzg5MTExMDU4OA%3D%3D%26mid%3D2247486476%26idx%3D1%26sn%3Dee2a9d88d41d7815b4d993bfeb35969e
http://mp.weixin.qq.com/s?__biz=MzI4MTEyNDU1MA==&mid=2651265247&idx=2&sn=21b9b9da8fffe5ac61a0699c7b7ad135		NO_TITLE	https://mp.weixin.qq.com/mp/wappoc_appmsgcaptcha?poc_token=HCOKpWmjvnlmj9dQF7pdZxV9wK8tHMqimFJWn_xk&target_url=https%3A%2F%2Fmp.weixin.qq.com%2Fs%3F__biz%3DMzI4MTEyNDU1MA%3D%3D%26mid%3D2651265247%26idx%3D2%26sn%3D21b9b9da8fffe5ac61a0699c7b7ad135
https://mp.weixin.qq.com/s?t=pages/image_detail&scene=1&__biz=Mzg2NTE4ODM3Nw==&mid=2247489646&idx=1&sn=13983392b8e47eaff7795b83ed8f1e54		NO_TITLE	https://mp.weixin.qq.com/mp/wappoc_appmsgcaptcha?poc_token=HCWKpWmjigMOQN7YLZfg6TOFiNEqct7XtTZ3lI1X&target_url=https%3A%2F%2Fmp.weixin.qq.com%2Fs%3Ft%3Dpages%2Fimage_detail%26scene%3D1%26__biz%3DMzg2NTE4ODM3Nw%3D%3D%26mid%3D2247489646%26idx%3D1%26sn%3D13983392b8e47eaff7795b83ed8f1e54
http://mp.weixin.qq.com/s?__biz=Mzk0MTgwMDE4Mg==&mid=2247484119&idx=1&sn=364992b138d3e2492e3ab70acb3f443c		NO_TITLE	https://mp.weixin.qq.com/mp/wappoc_appmsgcaptcha?poc_token=HCeKpWmji_biJZEzaz6f3Pk29AGo57AoDE82K92t&target_url=https%3A%2F%2Fmp.weixin.qq.com%2Fs%3F__biz%3DMzk0MTgwMDE4Mg%3D%3D%26mid%3D2247484119%26idx%3D1%26sn%3D364992b138d3e2492e3ab70acb3f443c
http://mp.weixin.qq.com/s?__biz=Mzk0NDIyOTM0OA==&mid=2247488512&idx=1&sn=5a0e503756feacffa27f452ab5470af4		NO_TITLE	https://mp.weixin.qq.com/mp/wappoc_appmsgcaptcha?poc_token=HCiKpWmj9m6RtAf3YgALEpXaHO3h3_b9Iu6mjhTP&target_url=https%3A%2F%2Fmp.weixin.qq.com%2Fs%3F__biz%3DMzk0NDIyOTM0OA%3D%3D%26mid%3D2247488512%26idx%3D1%26sn%3D5a0e503756feacffa27f452ab5470af4
http://mp.weixin.qq.com/s?__biz=MzAxNDAyMzc0Mg==&mid=2683515823&idx=1&sn=9895fd47baa53c2946588c7a240fbee1		NO_TITLE	https://mp.weixin.qq.com/mp/wappoc_appmsgcaptcha?poc_token=HCqKpWmjuZdLH0VLlyZLajzOuhD2bz1AuxAdXGBX&target_url=https%3A%2F%2Fmp.weixin.qq.com%2Fs%3F__biz%3DMzAxNDAyMzc0Mg%3D%3D%26mid%3D2683515823%26idx%3D1%26sn%3D9895fd47baa53c2946588c7a240fbee1
http://mp.weixin.qq.com/s?__biz=MzkwOTY1MTgzOA==&mid=2247484899&idx=1&sn=6254cc619a543ea3b268604612ba263c		NO_TITLE	https://mp.weixin.qq.com/mp/wappoc_appmsgcaptcha?poc_token=HC2KpWmj3CftvN5j5TD-ITeFyq1RmKugQWLwpbrg&target_url=https%3A%2F%2Fmp.weixin.qq.com%2Fs%3F__biz%3DMzkwOTY1MTgzOA%3D%3D%26mid%3D2247484899%26idx%3D1%26sn%3D6254cc619a543ea3b268604612ba263c
http://mp.weixin.qq.com/s?__biz=MzAwODA3MTI0Nw==&mid=2652048321&idx=1&sn=09f35243d588df5b0b95d17d49867b38		NO_TITLE	https://mp.weixin.qq.com/mp/wappoc_appmsgcaptcha?poc_token=HC-KpWmjJ4uw6Q8DEXH1uYDpwWBD30NqRF_XaUeu&target_url=https%3A%2F%2Fmp.weixin.qq.com%2Fs%3F__biz%3DMzAwODA3MTI0Nw%3D%3D%26mid%3D2652048321%26idx%3D1%26sn%3D09f35243d588df5b0b95d17d49867b38
http://mp.weixin.qq.com/s?__biz=MzIwMTc3MjkzMQ==&mid=2247484503&idx=1&sn=f1484b280fa35e1ff8697f328ca962a0		NO_TITLE	https://mp.weixin.qq.com/mp/wappoc_appmsgcaptcha?poc_token=HDGKpWmjwmAArenKTZn2Z6pvFup2rEyQJTb_rGaQ&target_url=https%3A%2F%2Fmp.weixin.qq.com%2Fs%3F__biz%3DMzIwMTc3MjkzMQ%3D%3D%26mid%3D2247484503%26idx%3D1%26sn%3Df1484b280fa35e1ff8697f328ca962a0
http://mp.weixin.qq.com/s?__biz=MzUzNjUxMTMxNQ==&mid=2247484657&idx=1&sn=25234c3ce37283ad37a55529f9c02f64		NO_TITLE	https://mp.weixin.qq.com/mp/wappoc_appmsgcaptcha?poc_token=HDKKpWmjzWuKfVjiCkZB66Tgc9eLkmbtLuBjyJu4&target_url=https%3A%2F%2Fmp.weixin.qq.com%2Fs%3F__biz%3DMzUzNjUxMTMxNQ%3D%3D%26mid%3D2247484657%26idx%3D1%26sn%3D25234c3ce37283ad37a55529f9c02f64
http://mp.weixin.qq.com/s?__biz=MzkyOTQzOTA2NQ==&mid=2247485955&idx=1&sn=1480109e393d1160fc216cc3c378dcf8		NO_TITLE	https://mp.weixin.qq.com/mp/wappoc_appmsgcaptcha?poc_token=HDSKpWmjGAo1zaYJzFR5ctQb0JKrjgF597ydKUNQ&target_url=https%3A%2F%2Fmp.weixin.qq.com%2Fs%3F__biz%3DMzkyOTQzOTA2NQ%3D%3D%26mid%3D2247485955%26idx%3D1%26sn%3D1480109e393d1160fc216cc3c378dcf8
https://mp.weixin.qq.com/s?t=pages/image_detail&scene=1&__biz=MzAxMDI3MTI2NQ==&mid=2247498604&idx=1&sn=b7964acb2b9f6ca0b82ddd52d502b69f		NO_TITLE	https://mp.weixin.qq.com/mp/wappoc_appmsgcaptcha?poc_token=HDeKpWmjUNaahwq1E2iwfWNZkT4NSLQFLPogvkBq&target_url=https%3A%2F%2Fmp.weixin.qq.com%2Fs%3Ft%3Dpages%2Fimage_detail%26scene%3D1%26__biz%3DMzAxMDI3MTI2NQ%3D%3D%26mid%3D2247498604%26idx%3D1%26sn%3Db7964acb2b9f6ca0b82ddd52d502b69f
https://mp.weixin.qq.com/s?__biz=Mzk2NDU3NTA3NA==&mid=2247486838&idx=1&sn=658bc28ec8ac9beeb026aec559da543a		NO_TITLE	https://mp.weixin.qq.com/mp/wappoc_appmsgcaptcha?poc_token=HDiKpWmjqKFLw103AdaYaBNJ73elJTznxQqx4QKy&target_url=https%3A%2F%2Fmp.weixin.qq.com%2Fs%3F__biz%3DMzk2NDU3NTA3NA%3D%3D%26mid%3D2247486838%26idx%3D1%26sn%3D658bc28ec8ac9beeb026aec559da543a
https://mp.weixin.qq.com/s?__biz=MzkwMzg3ODg4Nw==&mid=2247484230&idx=1&sn=7a03291896ea20de5bf6d8206d6d55f6		NO_TITLE	https://mp.weixin.qq.com/mp/wappoc_appmsgcaptcha?poc_token=HDqKpWmjSq0SjOpEjUdB-bT77AtDEbfUxVGYLxpi&target_url=https%3A%2F%2Fmp.weixin.qq.com%2Fs%3F__biz%3DMzkwMzg3ODg4Nw%3D%3D%26mid%3D2247484230%26idx%3D1%26sn%3D7a03291896ea20de5bf6d8206d6d55f6
https://mp.weixin.qq.com/s?__biz=MzYzNDYxNjk5Nw==&mid=2247483890&idx=1&sn=6a422e75193f87aaecb6a7281af7f29f		NO_TITLE	https://mp.weixin.qq.com/mp/wappoc_appmsgcaptcha?poc_token=HDuKpWmjMwhjq3w3ReRyMjtjtVNToPjUgiJ8SKvw&target_url=https%3A%2F%2Fmp.weixin.qq.com%2Fs%3F__biz%3DMzYzNDYxNjk5Nw%3D%3D%26mid%3D2247483890%26idx%3D1%26sn%3D6a422e75193f87aaecb6a7281af7f29f
